Timestamp,Electricity consumption (kWh),Electricity cost (£)
01/09/2026,17.929,5.5200000000000005
02/09/2026,22.043,7.11
03/09/2026,14.218999999999998,4.66
04/09/2026,17.034000000000002,5.49
05/09/2026,22.895000000000003,7.21
06/09/2026,23.805000000000003,7.5200000000000005
07/09/2026,18.732999999999997,5.99
08/09/2026,20.851,6.680000000000001
09/09/2026,18.428,5.84
10/09/2026,16.663999999999998,5.55
11/09/2026,18.584,5.89
12/09/2026,14.395000000000001,4.77
13/09/2026,16.205000000000002,5.01
14/09/2026,10.952000000000002,3.8
15/09/2026,11.672000000000002,4.1
16/09/2026,19.255000000000006,6
17/09/2026,23.008,7.71
18/09/2026,25.535999999999998,8.14
19/09/2026,28.694999999999997,8.99
20/09/2026,30.529000000000003,9.5
21/09/2026,21.762999999999998,6.96
22/09/2026,20.350999999999996,6.22
23/09/2026,19.772999999999996,6.31
24/09/2026,21.663999999999998,6.83
25/09/2026,22.024000000000004,7.109999999999999
26/09/2026,27.087999999999994,8.24
27/09/2026,23.230000000000004,7.18
28/09/2026,23.727999999999994,7.4399999999999995
